{"cameraMode":{"drawMode":0,"name":"Shaded","section":"Shading Mode"},"sceneLighting":true,"audioPlay":false,"sceneViewState":{"m_AlwaysRefresh":false,"showFog":true,"showSkybox":true,"showFlares":true,"showImageEffects":true,"showParticleSystems":true,"showVisualEffectGraphs":true,"m_FxEnabled":true},"in2DMode":false,"pivot":{"x":7.099146366119385,"y":2.044466018676758,"z":-3.4732866287231447},"rotation":{"x":-0.003928020130842924,"y":0.9749065041542053,"z":-0.22191111743450166,"w":-0.01725667715072632},"size":22.38743782043457,"orthographic":false}