{"cameraMode":{"drawMode":0,"name":"Shaded","section":"Shading Mode"},"sceneLighting":true,"audioPlay":false,"sceneViewState":{"m_AlwaysRefresh":false,"showFog":true,"showSkybox":true,"showFlares":true,"showImageEffects":true,"showParticleSystems":true,"showVisualEffectGraphs":true,"m_FxEnabled":true},"in2DMode":false,"pivot":{"x":185.26434326171876,"y":20.505672454833986,"z":8.522300720214844},"rotation":{"x":0.0032189630437642338,"y":-0.9819907546043396,"z":0.188153475522995,"w":0.01679985225200653},"size":48.8824462890625,"orthographic":false}