{"cameraMode":{"drawMode":0,"name":"Shaded","section":"Shading Mode"},"sceneLighting":true,"audioPlay":false,"sceneViewState":{"m_AlwaysRefresh":false,"showFog":true,"showSkybox":true,"showFlares":true,"showImageEffects":true,"showParticleSystems":true,"showVisualEffectGraphs":true,"m_FxEnabled":true},"in2DMode":false,"pivot":{"x":211.81637573242188,"y":4.3770060539245609,"z":44.7514762878418},"rotation":{"x":0.0030046175234019758,"y":0.7448678016662598,"z":0.0033503815066069366,"w":-0.667229413986206},"size":1.2210699319839478,"orthographic":false}